nome_do_cliente;documento;pf_pj;numero_da_conta;saldo_em_conta
Jelani Roy;41282626631;PJ;1;50.0
Ulysses Farmer;13643172737;PJ;1;50.0
Dana Mendoza;26673788643;PJ;1;50.0
Fatima Bryan;39877169195;PJ;1;50.0
Dante Gibson;16846369443;PJ;1;50.0
Erich Trujillo;55271863477;PJ;1;50.0
Yuli Shannon;33578172376;PJ;1;50.0
Gillian Acevedo;78623926331;PJ;1;50.0
Honorato Kirkland;84743496887;PJ;1;50.0
Claire Stark;35296968168;PJ;1;50.0
Gemma Meyer;32836462755;PJ;1;50.0
Urielle Mcclure;67688284888;PJ;1;50.0
Ashely Silva;81345212245;PJ;1;50.0
Rebecca Rich;85359261732;PJ;1;50.0
Brenna Barrett;68435824496;PJ;1;50.0
Hendrerit Neque Foundation;49762231825;PF;1;50.0
Curabitur Sed Tortor Consulting;71844336234;PF;1;50.0
Elit Foundation;48888689687;PF;1;50.0
Nec Tempus Associates;41277668357;PF;1;50.0
Commodo Hendrerit Donec Foundation;72928258468;PF;1;50.0
Vitae Semper Incorporated;83222321884;PF;1;50.0
Vivamus Rhoncus Limited;25571296584;PF;1;50.0
Tempor Lorem Limited;31559883568;PF;1;50.0
Tempus Non Lacinia Associates;24889282569;PF;1;50.0
Mattis Cras Eget Ltd;35447236378;PF;1;50.0
Cum Sociis Inc.;57278254928;PF;1;50.0
Dui Augue Eu Foundation;22232466637;PF;1;50.0
Interdum Curabitur Dictum Inc.;58497283264;PF;1;50.0
Blandit Institute;16253396762;PF;1;50.0
Quisque Imperdiet Company;54454384367;PF;1;50.0
Auctor Velit Associates;18796652516;PF;1;50.0
Eget Foundation;37135274744;PF;1;50.0
Charissa Morrow;66834576697;PJ;1;50.0
Jana Goff;42536284185;PJ;1;50.0
Naida Chen;65815512283;PJ;1;50.0
Cullen Gay;99874626571;PJ;1;50.0
Selma Mays;75966249895;PJ;1;50.0
Delilah Morgan;56436457278;PJ;1;50.0
Quinlan Snider;27435424561;PJ;1;50.0
Yoshio Blackwell;46557549652;PJ;1;50.0
Amery Wolf;72458656574;PJ;1;50.0
Neve Workman;96973526184;PJ;1;50.0
Andrew Odom;67788843713;PJ;1;50.0
Macon Greer;36812858717;PJ;1;50.0
Garth Avery;48544276745;PJ;1;50.0
Melinda Gay;38227888711;PJ;1;50.0
Heidi Byrd;22562631278;PJ;1;50.0
Clementine Mcclain;82382846893;PJ;1;50.0
Alfonso Bernard;25472123721;PJ;1;50.0
Murphy Nieves;67794588522;PJ;1;50.0
Quintessa Jensen;84284356179;PJ;1;50.0
Jaden Pruitt;38643325955;PJ;1;50.0
Sydnee Mcintosh;76591923497;PJ;1;50.0
Alfonso Waller;38358685475;PJ;1;50.0
Aidan Noel;36815123171;PJ;1;50.0
Demetria Mitchell;84369787216;PJ;1;50.0
Nathan Whitehead;57583477717;PJ;1;50.0
Cecilia Wiggins;56382299665;PJ;1;50.0
Ciara Atkinson;42555657552;PJ;1;50.0
Zephr Perez;74113198425;PJ;1;50.0
Priscilla Carter;96519534462;PJ;1;50.0
Raymond Kane;74737857844;PJ;1;50.0
Riley Briggs;87258365988;PJ;1;50.0
Tellus Sem Mollis Foundation;57853426237;PF;1;50.0
Vitae LLP;37377764286;PF;1;50.0
A Purus Limited;92524477364;PF;1;50.0
Eget Limited;38527639742;PF;1;50.0
Elit Consulting;66258638498;PF;1;50.0
Donec Elementum Corp.;39435842947;PF;1;50.0
Arcu Sed Associates;34955415647;PF;1;50.0
Mattis Consulting;34472378877;PF;1;50.0
Felis Associates;37748688435;PF;1;50.0
Non Corp.;47665765255;PF;1;50.0
Malesuada Augue Ut Consulting;63188655693;PF;1;50.0
Bibendum Donec Corp.;63782321832;PF;1;50.0
Nunc Institute;37638245335;PF;1;50.0
Accumsan Convallis Ante Foundation;95558811282;PF;1;50.0
Eu Sem LLC;72434536854;PF;1;50.0
Olga Boyd;44478279118;PJ;1;50.0
Jael Moore;42954375888;PJ;1;50.0
Chava Woodard;18385314333;PJ;1;50.0
Wang Montoya;61753933379;PJ;1;50.0
Lesley Serrano;74217649231;PJ;1;50.0
Florence Nelson;58786555456;PJ;1;50.0
Jacob Crane;48837714184;PJ;1;50.0
Maia Bass;91465225226;PJ;1;50.0
Cheryl Cole;26822766817;PJ;1;50.0
Doris Hess;25618734767;PJ;1;50.0
Kibo Patrick;62817835716;PJ;1;50.0
Conan Lynn;72127325511;PJ;1;50.0
Theodore William;29677226195;PJ;1;50.0
Lois Townsend;56967268454;PJ;1;50.0
Blake Burnett;87755448559;PJ;1;50.0
Vivian Sanders;62766823732;PJ;1;50.0
Yen Ortiz;63587424215;PJ;1;50.0
Gil Mccray;32511252397;PJ;1;50.0
Alexa Elliott;23975456163;PJ;1;50.0
Kenyon Mack;13965567563;PJ;1;50.0
Abigail Hopper;84258132928;PJ;1;50.0
Sydnee Franks;54877223282;PJ;1;50.0
Veda Mills;81277173254;PJ;1;50.0
Kane Cross;56163357336;PJ;1;50.0
Howard Horne;85184328686;PJ;1;50.0
Brody Garcia;97682366546;PJ;1;50.0
Demetria Vargas;43562897246;PJ;1;50.0
Tristique Neque Limited;61883774839;PF;1;50.0
Nec Euismod Inc.;64122954542;PF;1;50.0
Nullam Lobortis Quam Institute;84317681112;PF;1;50.0
Nunc Industries;59856545247;PF;1;50.0
Adipiscing Elit Aliquam Incorporated;26832614197;PF;1;50.0
Cursus Foundation;33265483377;PF;1;50.0
Gravida Non Sollicitudin Institute;44985583268;PF;1;50.0
Magna LLP;33355546853;PF;1;50.0
Amet Consectetuer Consulting;38522322547;PF;1;50.0
Augue Scelerisque Corp.;89372486846;PF;1;50.0
Kibo Crawford;71336958664;PJ;1;50.0
Kadeem Sweeney;98436371896;PJ;1;50.0
Dillon Hays;65138347276;PJ;1;50.0
Neville Allison;55584623961;PJ;1;50.0
Hayfa Nelson;68774933898;PJ;1;50.0
Branden Davidson;36243282449;PJ;1;50.0
Delilah Caldwell;76932265227;PJ;1;50.0
Shafira Downs;85855623576;PJ;1;50.0
Brady Barnes;75743721978;PJ;1;50.0
Oren Shields;51778323965;PJ;1;50.0
Natalie Summers;45547586137;PJ;1;50.0
Elit Dictum Ltd;81819598821;PF;1;50.0
Rhoncus Proin Corp.;65252797459;PF;1;50.0
Quis Pede Institute;46312988779;PF;1;50.0
Brett Mccoy;68338454592;PJ;1;50.0
Blossom Carey;45885158378;PJ;1;50.0
Kylynn Schwartz;73832452543;PJ;1;50.0
Cairo Rowland;85416835674;PJ;1;50.0
Amy Tucker;95442112942;PJ;1;50.0
Nichole Hinton;16981835237;PJ;1;50.0
Aretha Kinney;42743525482;PJ;1;50.0
Elijah Soto;59871374582;PJ;1;50.0
Mariam Mayo;23623288557;PJ;1;50.0
Sopoline Jordan;29378473794;PJ;1;50.0
Isadora Wooten;35294472264;PJ;1;50.0
Tincidunt Orci Quis Institute;64257866879;PF;1;50.0
Feugiat Tellus Lorem Institute;22236441276;PF;1;50.0
Velit Egestas Consulting;87754267186;PF;1;50.0
Abraham Owens;84385663485;PJ;1;50.0
Cruz Pearson;57317647643;PJ;1;50.0
Benjamin Garner;27491553768;PJ;1;50.0
Est Vitae Sodales Inc.;47793572184;PF;1;50.0
Purus LLP;25285733635;PF;1;50.0
Nullam Scelerisque LLC;38159662974;PF;1;50.0
Tincidunt Nunc Ac Foundation;82759585446;PF;1;50.0
Dui Nec Urna PC;77767979323;PF;1;50.0
Quail Rodriquez;53572577958;PJ;1;50.0
Mauris Corp.;92596221236;PF;1;50.0
Tincidunt Pede Ac Company;93545347882;PF;1;50.0
Nullam Suscipit Est PC;74267478743;PF;1;50.0
Lectus Ante Dictum Industries;22889719465;PF;1;50.0
Cursus Diam Inc.;23116477774;PF;1;50.0
Et Corporation;55795633428;PF;1;50.0
Risus Limited;74825796159;PF;1;50.0
Bibendum Sed Foundation;67365142627;PF;1;50.0
Auctor Mauris Vel Corp.;27744763278;PF;1;50.0
Elit Pharetra Ut Institute;22546854485;PF;1;50.0
Non Vestibulum Corporation;29848559853;PF;1;50.0
Nulla Cras Eu Associates;45933575884;PF;1;50.0
Ulysses Dorsey;73764226457;PJ;1;50.0
